first_name,last_name,email
James,Butt,jbutt@gmail.com
Josephine,Darakjy,josephine_darakjy@darakjy.org
Art,Venere,art@venere.org
Lenna,Paprocki,lpaprocki@hotmail.com
Donette,Foller,donette.foller@cox.net
Simona,Morasca,simona@morasca.com
Mitsue,Tollner,mitsue_tollner@yahoo.com
Leota,Dilliard,leota@hotmail.com
Sage,Wieser,sage_wieser@cox.net
Kris,Marrier,kris@gmail.com
Minna,Amigon,minna_amigon@yahoo.com
Abel,Maclead,amaclead@gmail.com
Kiley,Caldarera,kiley.caldarera@aol.com
Graciela,Ruta,gruta@cox.net
Cammy,Albares,calbares@gmail.com
Mattie,Poquette,mattie@aol.com
Meaghan,Garufi,meaghan@hotmail.com
Gladys,Rim,gladys.rim@rim.org
Yuki,Whobrey,yuki_whobrey@aol.com
Fletcher,Flosi,fletcher.flosi@yahoo.com
Bette,Nicka,bette_nicka@cox.net
Veronika,Inouye,vinouye@aol.com
Willard,Kolmetz,willard@hotmail.com
Maryann,Royster,mroyster@royster.com
Alisha,Slusarski,alisha@slusarski.com
Allene,Iturbide,allene_iturbide@cox.net
Chanel,Caudy,chanel.caudy@caudy.org
Ezekiel,Chui,ezekiel@chui.com
Willow,Kusko,wkusko@yahoo.com
Bernardo,Figeroa,bfigeroa@aol.com
Ammie,Corrio,ammie@corrio.com
Francine,Vocelka,francine_vocelka@vocelka.com
Ernie,Stenseth,ernie_stenseth@aol.com
Albina,Glick,albina@glick.com
Alishia,Sergi,asergi@gmail.com
Solange,Shinko,solange@shinko.com
Jose,Stockham,jose@yahoo.com
Rozella,Ostrosky,rozella.ostrosky@ostrosky.com
Valentine,Gillian,valentine_gillian@gmail.com
Kati,Rulapaugh,kati.rulapaugh@hotmail.com
Youlanda,Schemmer,youlanda@aol.com
Dyan,Oldroyd,doldroyd@aol.com
Roxane,Campain,roxane@hotmail.com
Lavera,Perin,lperin@perin.org
Erick,Ferencz,erick.ferencz@aol.com
Fatima,Saylors,fsaylors@saylors.org
Jina,Briddick,jina_briddick@briddick.com
Kanisha,Waycott,kanisha_waycott@yahoo.com
Emerson,Bowley,emerson.bowley@bowley.org
Blair,Malet,bmalet@yahoo.com
